{"48tjA0yMLuUST8rrCaq7Pg==":"chicago-to-notre-dame-tailgate-service_32429595480_o-110x105.jpg","EEBFeMnZ+54ETkpJpASQnw==":"notre-dame-tailgate-2000x1500.jpg","1i7Qm2cJLXF/7Ll+Eoy2nA==":"new-mexico-96x96.png","c7Rn3QQcUpwons9/7dfJTQ==":"virgina-96x96.png","ZgVM1UhZQs2dzGkRNL74AQ==":"bowing-green-96x96.png","+0KBv0eNM3qn9RL7JAJhhA==":"usc-96x96.png","36NOCNXDAFdTNOclS982Yg==":"notre-dame-tailgate-setup-700x525.jpg","JDnwMQRtcdhIncmeAtnO4A==":"notre-dame-tailgate-400x244.jpg","IVCE4SrV4wBst6+ILpBbeA==":"tailgate-set-up-notre-dame_22345892441_o-2000x1500.jpg","ykmxphrLKn6OehSlowER0A==":"party-bus-3-e1436635716344-602x390.png","mC+JpVJm3Q5TigXYYSI/7g==":"usc-notre-dame-tailgate-1024x400.jpg","CSxDFdcV1qoOPNcWvksnWQ==":"14-passenger-party-bus-2018-540x326.png","XojsMLGLOsgScgjs2SCCnQ==":"14-passenger-partybus-rentals-980x380.png","7GU5GP5anLrwASj63B94GQ==":"5starlimobusrentals-14-pass-group-201-1080x810.png","0ZTtrhJ+sXDTnXN2FtE2pA==":"flyer-1872x1248.jpg"}