{"8RuK/ZoTTxy9u3nEHFBCXg==":"9553729_orig-618x1100.jpg","q93Xt4I2BtfARJMscgNStg==":"9553729_orig-1-618x1100.jpg","2NSWwkrPDCZuJy1uXHX4RA==":"5-star-tainment-30-passenger-2016-2-tiffany-party-bus--800x561.jpg","/CcS4DiiRf6NTYqrrpX9eA==":"main-30-passenger-party-bus-1080x810.jpg","POaE0CCPMrLJcQUpwr/CCA==":"5starlimobusrentals-wedding2-854x570.jpg","dyyyekvxsZXmKgqpRlo5EA==":"background3.jpg","yyWyzOqsuq+Y3oP4uY4vgQ==":"13.jpg","11M0JpfSpnVa2/c9yLfADg==":"banner-mobile-1366x768.jpg","v7PUPRKL/z9wnz8Fj8Jb4g==":"mbr-1080x720.jpg","ecvHJrfJtPW+erw61L0zTw==":"mbr-1-1080x720.jpg","mwqgmwXkHJYF+o4Dgvt36w==":"background5.jpg","Dwrt4qe3FpSpuxZSwmFmAw==":"40-passenger-partybus-1366x768.jpg","BIZW6Irq7B31OgG8kedoZA==":"mbr-1280x1920.jpg"}