{"nexhTFwVVDmPOYFw+P7f+A==":"25-passenger-party-bus-out-side-1080x720.jpg","mPtHkX/9uLjUY1o/qIRzfw==":"5starlimobusrentals-wedding%20-%201-1080x810.png","Th7SKtnDhjOLERB9stH10g==":"5starlimobusrentals.com-coach-wedding-bus-1080x810.jpg","vhxQwPSeYzxXJ0gPJo/9GQ==":"midwest-coach-wedding-partybus-30-pass.bathroom-1080x810.jpg","4Ma9AyQdArdmDvFjE228pw==":"background6.jpg","POaE0CCPMrLJcQUpwr/CCA==":"5starlimobusrentals-wedding2-854x570.jpg","dyyyekvxsZXmKgqpRlo5EA==":"background3.jpg","2NSWwkrPDCZuJy1uXHX4RA==":"5-star-tainment-30-passenger-2016-2-tiffany-party-bus--800x561.jpg","q93Xt4I2BtfARJMscgNStg==":"9553729_orig-1-618x1100.jpg","VpL2padypMSQHqqWaUT13g==":"5-star-limo-big-logo@3x-256x183.png","Tpxs2cPJaEyf0xR7oIsqOQ==":"banner-1366x768.jpg","xhP4RXon04PhUXarjGpZEA==":"5star-wedding-videos-1049-750x422.jpg","i3UiM4EiYf33DYi76NX9zQ==":"girls-night-900x600.jpg","ux7wXrtbm2oZB/VlluGx2w==":"midwest-coach-limo-shuttle-29-passenger-900x675.jpg","I1X0G0+PDBW+oe05MZ+lTw==":"img-539-900x675.jpg","YdiMjA4EEIxnDmGFKRQeVg==":"5-starlimo-wedding-900x1200.jpg","kdeKXE09W665yF9SNdyT/g==":"5starlimobus116-900x1200.jpg","MMgugS8x3OMxR5amBRRiVQ==":"mbr-1920x1244.jpg","KnHe7ALUFDRMtsFmzB+mrw==":"limobus-party-bus-rentalr-party-bus-limo-transparent-window-1024x447.png","KRKi2BXyUek+5dJ3mwpRKA==":"img1.wsimg-800x679.jpg","Qxl0qAIN5WF6LtFnbMZpVQ==":"img1.wsimg-1-800x679.jpg","IPja9G3/z9Oy9ivhAWvmsw==":"img1.wsimg-2-800x679.jpg","ec8NsqQzO22Z3dNfscwRLA==":"chicago-trolley-5-star-limos.x29707-1024x768.png","ZR56hsR/nVqwxY9MXRDKxw==":"trolley-front-25-passenger-scalia-gallery-fullwidth-1170x500.png","3ki9L3QK6EiKQ2sOmYCqFQ==":"15-passenger-partybus-rentals-506x380.png","FGkZqZvuTeobuoMocl4snw==":"30715193_2088637658022385_2422358453337899885_n-110x110.jpg","cMLriKosvm6+psMchdRCtA==":"15-passenger-partybus-rentals-1024x768.png","ywY8j2DoYqnHeiaMc126ug==":"25-passenger-party-bus-out-side-900x507.jpg","xBCzC3tQUgUScqRwJXDeOQ==":"5starlimobusrentals-30-passenger-2016-3-tiffany-party-bus--800x600.jpg","fi4yr1sikm210LyspewzSw==":"5starlimobusrentals.com-limo-1200x800.jpg","zrIdKUy3/jvKpFlyncZreA==":"28-passenger-mini-coach-bus-600x428.jpg","Si25nSE5uBCX/ReSZsWXnA==":"5starlimobusrentals-30-passenger-2016-4-tiffany-party-bus--800x600.jpg","Vqf+dKh1RTcdrlwGOt7OTQ==":"mbr-1-1920x1244.jpg","syceY3w7jgqhZ4xAgypWJQ==":"05.jpg","eQ3BB7qoNev+Ao245r60CA==":"04.jpg","mT29N/0NvUy4WCBfmtZDYg==":"03.jpg","YnsMk6Omh0rEkS62ORPIIg==":"06.jpg","NUNb/zego4tRsQlnBHsDVg==":"02.jpg","uR8lJ7AVgOTvZ27eUX8jNQ==":"notre-dame-tailgate-1872x1404.jpg","v7PUPRKL/z9wnz8Fj8Jb4g==":"mbr-1080x720.jpg","ecvHJrfJtPW+erw61L0zTw==":"mbr-1-1080x720.jpg","eIXtTdIQ3ZWpGI+lK/1vOw==":"21916145556_0b5efcee6e_k-1872x1404.jpg","5Zvkq8JandHeNpLuMWzk8w==":"5-star-limo-party-bus--134-800x534.png","7d6bUNYDve7AplmmNkmbFg==":"notre-dame-tailgate.webp","eUd9bybXow5aKyNKNkAfFA==":"partybus-25-passengers.webp","ykmxphrLKn6OehSlowER0A==":"partybus-25-passengers-602x390.png","S4Fe2id1TfebiRzvhiNNMA==":"5-star-limosbusrentals-notre-dame-tailgatendi_articlepageemailsignup_football_v2-569x288.png","2HrKPRLNCDub2fiqRkowIw==":"5starbusrentals-trolley-chicago-1080x810.png","PfCOo8gNhdt1f9xxkQg05w==":"5starbusrentals-inside-trolley-chicago-1080x810.png"}